id,file,result,bytes,sha256,checked_at,message
powers-report,01-internal-investigation/powers-report-2002-02-01.pdf,ALREADY HAD,10055571,c2236c873bd08a81d90e6fccd3224de9e7b0e4f96369d4998f38c33d3d0ddf04,2026-09-27 20:47 UTC,
powers-report-sec,01-internal-investigation/powers-report-sec-exhibit-99-2.txt,ALREADY HAD,399286,f4fd5ac59a7d7089ce36536e50ce0516060c6c4c73c169aeb79657c240d63e31,2026-09-27 20:47 UTC,
batson-1st-interim,02-bankruptcy-examiner/batson-first-interim-report-2002-09-21.pdf,ALREADY HAD,7712916,d712de88ce3ccce09ff00332aed44f8502efd6c8191650a52d2aba1db24da516,2026-09-27 20:47 UTC,
batson-final,02-bankruptcy-examiner/batson-final-report-2003-11-04.pdf,ALREADY HAD,7126904,9f129d05a3a2829db626bc4e7534b78659f41bc173e1050e35acf8e77e5e1910,2026-09-27 20:47 UTC,
ust-examiner-appointment,02-bankruptcy-examiner/doj-ust-press-examiner-appointment-2002-05-22.pdf,ALREADY HAD,17162,554eaab1fc1e3273427acf806a284d964d700ced36ae1ccd0abd04e56f5535a4,2026-09-27 20:47 UTC,
batson-2nd-interim,02-bankruptcy-examiner/batson-second-interim-report-2003-01-21.pdf,SKIPPED,,,,"no web address, and no file named batson-second-interim-report-2003-01-21.pdf in 02-bankruptcy-examiner - upload it by hand with exactly that name"
batson-3rd-interim,02-bankruptcy-examiner/batson-third-interim-report-2003-06-30.pdf,SKIPPED,,,,"no web address, and no file named batson-third-interim-report-2003-06-30.pdf in 02-bankruptcy-examiner - upload it by hand with exactly that name"
batson-final-app-a,02-bankruptcy-examiner/batson-final-appendix-a-defined-terms-2003-11-04.pdf,ALREADY HAD,500716,ad52102fef572d4666c46641e37391fba081a1a6c1270eae19f3e915399adaa5,2026-09-27 20:47 UTC,
batson-final-app-b-part1,02-bankruptcy-examiner/batson-final-appendix-b-andersen-part1-2003-11-04.pdf,ALREADY HAD,5369900,c8668a86ca660eceaf3aefae158a84f0333f469ce2dbf474669c6c17a244fde5,2026-09-27 20:47 UTC,
batson-final-app-b-part2,02-bankruptcy-examiner/batson-final-appendix-b-andersen-part2-2003-11-04.pdf,ALREADY HAD,4953582,b315a48e47cb35a06c9eca664502d6c148cec036dbe428555e64eab5a3eb5a49,2026-09-27 20:47 UTC,
batson-final-app-c,02-bankruptcy-examiner/batson-final-appendix-c-enrons-attorneys-2003-11-04.pdf,ALREADY HAD,12813266,e66f535e3c7a2cdef6957747c43c9e99eb6ae16c018d1dd71ef1458b720f1938,2026-09-27 20:47 UTC,
batson-final-app-d,02-bankruptcy-examiner/batson-final-appendix-d-lay-skilling-outside-directors-2003-11-04.pdf,ALREADY HAD,12160266,ddf62b91737d2a2cb50b0a83197bf754a6d886e6190daa3506c230b4384c0ed9,2026-09-27 20:47 UTC,
batson-final-app-e,02-bankruptcy-examiner/batson-final-appendix-e-rbs-2003-11-04.pdf,ALREADY HAD,5121057,0e19e5bd369608aed35c3ff4bbffc090c6ba9dbff159e50d14d4d6949bc1fea8,2026-09-27 20:47 UTC,
batson-final-app-f,02-bankruptcy-examiner/batson-final-appendix-f-csfb-2003-11-04.pdf,ALREADY HAD,5102188,78f8cf4ed0469b6c9c50592aa587cc565a48c90f6d550d6f3b7639680d230e6e,2026-09-27 20:47 UTC,
batson-final-app-g,02-bankruptcy-examiner/batson-final-appendix-g-toronto-dominion-2003-11-04.pdf,ALREADY HAD,3107370,10c94958a85b5be342dc5947c7c1bdeeec7af6d69aebabb5116d687667da00db,2026-09-27 20:47 UTC,
enron-10k-2000,03-sec-filings/enron-10k-fy2000.txt,ALREADY HAD,320297,940e08b26b70e518782447a3b344012f84d374acef23d9f9646f2fe5522326d4,2026-09-27 20:47 UTC,
enron-10q-q3-2001,03-sec-filings/enron-10q-2001-09-30.txt,ALREADY HAD,298937,6a2a8be8dfbce8e7d7d557e6c5ab6ac071c0fc3fd0cd1f88533e6aba82dae153,2026-09-27 20:47 UTC,
enron-8k-nov-2001,03-sec-filings/enron-8k-2001-11.txt,ALREADY HAD,49501,d7479137791e822334a89b9cede32e94a4df3ca91beb64415fcf25f3b719832d,2026-09-27 20:47 UTC,
enron-8k-nov-2001-ex99-1,03-sec-filings/enron-8k-2001-11-08-ex99-1-press-release.txt,ALREADY HAD,6989,3a70180e5b98c0955112bc4d9cd9c81a24dca6d792e8a04b8e575a074c33dead,2026-09-27 20:47 UTC,
enron-8k-dynegy-merger,03-sec-filings/enron-8k-2001-11-09-dynegy-merger.txt,ALREADY HAD,6761,10ecf93cb0b1c5154d9a66671a2ac2f42fc728e55c570c102ab0b8ecca257caf,2026-09-27 20:47 UTC,
sec-enron-spotlight,04-sec-enforcement/sec-enron-spotlight-index.html,ALREADY HAD,26340,b008891937d00f459f5309fd4b3b52557ceaec754e99ec80481a1d6a41d56df3,2026-09-27 20:47 UTC,
sec-fastow-complaint,04-sec-enforcement/sec-v-fastow-complaint-2002.htm,ALREADY HAD,53890,a206480bba7f2a7f8bf8c41ab4ef81852a122dab6e32cc6772a087e566dfd3ff,2026-09-27 20:47 UTC,
sec-kopper-complaint,04-sec-enforcement/sec-v-kopper-complaint-2002.htm,ALREADY HAD,22605,2058fd3633d3737e1dbd6737945973b3f243d167954e46f4a828b9cc1ce1229f,2026-09-27 20:47 UTC,
sec-skilling-causey-complaint,04-sec-enforcement/sec-v-skilling-causey-complaint-2004.htm,ALREADY HAD,79301,2962786df3875dc8b30c86ef1db3ad342f58804717bd37bbd53ce605a9f2da01,2026-09-27 20:47 UTC,
sec-lay-complaint,04-sec-enforcement/sec-v-lay-complaint-2004.pdf,ALREADY HAD,977437,40cf923c12bda66216058f12077cfd462a10efc2acc8116c2efa8a657a89d55b,2026-09-27 20:47 UTC,
sec-glisan-complaint,04-sec-enforcement/sec-v-glisan-complaint-2003.htm,ALREADY HAD,25531,a3726ceda3b553789b29fcd5b5813ae094dea41f33d2e77c513268121747763e,2026-09-27 20:47 UTC,
sec-merrill-complaint,04-sec-enforcement/sec-v-merrill-lynch-complaint-2003.htm,ALREADY HAD,42328,a955a6cbf842966236f5e7fb29c10130c0831698b0834bae18b8a16d793af9b9,2026-09-27 20:47 UTC,
sec-jpm-citi-press,04-sec-enforcement/sec-press-2003-87-jpmorgan-citigroup.htm,ALREADY HAD,72523,01c6e6f447dc29a33c7cf544ec4d6ee639ab21dd410f0191b64c40afe386d42d,2026-09-27 20:47 UTC,
sec-duncan-complaint,04-sec-enforcement/sec-v-duncan-complaint-2008.pdf,ALREADY HAD,6276666,2c7fe91b28c282a772ea81bcda2d191e1bb21782da7befc3b2abe6a55bfe118d,2026-09-27 20:47 UTC,
hrg-hec-andersen-shredding,05-hearings-enron/hhrg-107-80-destruction-of-enron-documents-by-andersen-2002-01-24.pdf,ALREADY HAD,3726722,23649c5c398b3b03f61feae654c4092a95fadff9a282c97e1682f35c9ca64e98,2026-09-27 20:47 UTC,
hrg-sga-fall-of-enron,05-hearings-enron/shrg-107-376-fall-of-enron-2002-01-24.pdf,ALREADY HAD,3509495,23ee74d91b8b83373bdcb56040760bdd284d3a19941904c141d6907611dfc6b5,2026-09-27 20:47 UTC,
hrg-energy-enron-collapse,05-hearings-enron/shrg-107-458-enron-collapse-energy-markets-2002-01-29.pdf,ALREADY HAD,452055,977c4294484c787643c6e15013832aad3b2307044d728aa5ece992f799b7a4d1,2026-09-27 20:47 UTC,
hrg-hfs-enron-investors,05-hearings-enron/hhrg-107-51-pt2-enron-collapse-investors-2002-02-04.pdf,ALREADY HAD,10575369,19c11724112ac4bfe6e7eee04dce03f53140f3120f9c7254c7ef924ee09ce1c3,2026-09-27 20:47 UTC,
hrg-hec-collapse-pt1,05-hearings-enron/hhrg-107-86-financial-collapse-of-enron-pt1-2002-02-05.pdf,ALREADY HAD,776477,f463c2ff0c81c2de9545b5c3e441fca58ba7536bf2175bc4b6f01a4afe06b831,2026-09-27 20:47 UTC,
hrg-hec-collapse-pt2,05-hearings-enron/hhrg-107-88-financial-collapse-of-enron-pt2-2002-02-07.pdf,ALREADY HAD,10388390,bab68807604444a20de076c91715fb3a642969780e46ff098eaf709f878bdb7b,2026-09-27 20:47 UTC,
hrg-hec-collapse-pt3,05-hearings-enron/hhrg-107-89-financial-collapse-of-enron-pt3-2002-02-14.pdf,ALREADY HAD,6965958,76e4da2fe32a2a027844e563a80391157c8d3ed93ba82436dcf4d00a9287e7cf,2026-09-27 20:47 UTC,
hrg-hec-collapse-pt4,05-hearings-enron/hhrg-107-90-financial-collapse-of-enron-pt4-2002-03-14.pdf,ALREADY HAD,11508735,8d766e45a74cce47247b6b2d36f5bd9b722f954c055f0c32a47605ac9dadf396,2026-09-27 20:47 UTC,
hrg-hec-auditing,05-hearings-enron/hhrg-107-83-lessons-learned-auditing-the-accounting-industry-2002-02-06.pdf,ALREADY HAD,3217529,8eb49a80076fd6b82ba7eef5cfb9b0d7dc5bc1785decd2bbe7b055057596623c,2026-09-27 20:47 UTC,
hrg-commerce-lay-powers,05-hearings-enron/shrg-107-773-collapse-of-enron-2002-02-12.pdf,ALREADY HAD,332852,4b3732386116449ca9603e42377394eacfc0cc2dd563ab2029f4410b5b30544d,2026-09-27 20:47 UTC,
hrg-commerce-skilling-watkins,05-hearings-enron/shrg-107-1141-collapse-of-enron-corp-2002-02-26.pdf,ALREADY HAD,404775,bc7c9848f6585c21e685f941944c0e7364bc7614c642d588929fa6a73b905ac7,2026-09-27 20:47 UTC,
hrg-sga-analysts,05-hearings-enron/shrg-107-385-watchdogs-didnt-bark-analysts-2002-02-27.pdf,ALREADY HAD,4697586,2a0599941f1fbcfd4f44c9bb066c6722213b63d2820dedc1b0c6c8d400dee632,2026-09-27 20:47 UTC,
hrg-psi-board,05-hearings-enron/shrg-107-511-role-of-board-2002-05-07.pdf,ALREADY HAD,23243972,205b860a58cd3cd9582d1623f53686b0d6f9079855775942770d50a82fd9ce37,2026-09-27 20:47 UTC,
hrg-psi-banks-v1,05-hearings-enron/shrg-107-618-v1-role-of-financial-institutions.pdf,ALREADY HAD,33679786,a46ce193186dfe0841313019e7451fc9d35fe8f25882f69a16e122b44d4d79ff,2026-09-27 20:47 UTC,
hrg-psi-banks-v2,05-hearings-enron/shrg-107-618-v2-role-of-financial-institutions.pdf,ALREADY HAD,36269892,406e0d13646d1fa87f581ef6bf791cb77abca52056badf0b23b12d04a4d7f0be,2026-09-27 20:47 UTC,
hrg-sjud-accountability,05-hearings-enron/shrg-107-830-accountability-issues-2002-02-06.pdf,ALREADY HAD,348603,317223cf420e9db6b6583fc3fa534c74a526337f937c79312f1e5d585662667b,2026-09-27 20:47 UTC,
hrg-help-pensions,05-hearings-enron/shrg-107-464-protecting-pensions-2002-02-07.pdf,ALREADY HAD,466340,ca241e16d25784dc20de031e77ea01f427c436b29818017dc4f0c72615513a9b,2026-09-27 20:47 UTC,
gao-02-480t-pensions,05-hearings-enron/gao-02-480t-private-pensions-after-enron-2002-02-27.pdf,ALREADY HAD,177966,814ff2dc9596a87ea25b3a92bdec6545ce67d21b9f710782cbd6e06d2a790dfd,2026-09-27 20:47 UTC,
rpt-psi-board,06-congressional-reports/sprt-107-70-role-of-board-report.pdf,ALREADY HAD,602459,3d658551c21c8ba8650cfaed4d4312c7f9e250e8ea9b491542a26fe2eb460503,2026-09-27 20:47 UTC,
rpt-sga-watchdogs,06-congressional-reports/sprt-financial-oversight-of-enron-sec-and-watchdogs.pdf,ALREADY HAD,549511,4bd4087aa84305d96f3a0629a8f796d28fa19df011f6b9e810a730d942c753a1,2026-09-27 20:47 UTC,
rpt-psi-fishtail,06-congressional-reports/sprt-107-82-fishtail-bacchus-sundance-slapshot.pdf,ALREADY HAD,379257,77ec41e238fd1246b6af74f1ad61ebcbeff2714c0a04f6bf3aedbcfae58ed13e,2026-09-27 20:47 UTC,
rpt-jct-vol1,06-congressional-reports/jcs-3-03-vol1-jct-enron-tax-report.pdf,ALREADY HAD,91070884,02a07f6c7b377ea397486dab54dee816e1fac14e9b8e2a27c0009a65d38ea6b7,2026-09-27 20:47 UTC,
sox-hrg-banking-v1,07-sox-legislative-history/shrg-107-948-v1-accounting-reform-investor-protection.pdf,ALREADY HAD,7765048,36fa5da9bd691cb38b2b1b1782531d18169fba49d81d0f36a30f61fe3bccc4dc,2026-09-27 20:47 UTC,
sox-hrg-banking-v2,07-sox-legislative-history/shrg-107-948-v2-accounting-reform-investor-protection.pdf,ALREADY HAD,9265748,2344d60942eac187a5dc82dfa8c56d913cd5d1fdd1cc70f9cc1a2a1f1c65775c,2026-09-27 20:47 UTC,
sox-hrg-banking-v3,07-sox-legislative-history/shrg-107-948-v3-accounting-reform-investor-protection.pdf,ALREADY HAD,1528307,a0fd3a81193d0e05eb0d38c7fa36b9a2a66fc047e2b8671fa0685e68b6da7866,2026-09-27 20:47 UTC,
sox-srpt-107-205,07-sox-legislative-history/srpt-107-205-senate-banking-report.pdf,ALREADY HAD,338744,fc27c6597b79c1b88d263e340f71c57f0501983283e74cf37470b338c5da98d7,2026-09-27 20:47 UTC,
sox-hrpt-107-414,07-sox-legislative-history/hrpt-107-414-carta-house-report.pdf,ALREADY HAD,267688,326df82b788e27006d120422abe6aba50e14a8735dc1708cd45652dcf5615563,2026-09-27 20:47 UTC,
sox-pitt-testimony,07-sox-legislative-history/sec-pitt-testimony-carta-2002-03-20.htm,ALREADY HAD,102495,0c150aacc10707a1a8c2d43371065e4c1adc41e70bcb8e8c0ea22fff772f69a9,2026-09-27 20:47 UTC,
sox-crs-summary,07-sox-legislative-history/crs-rl31554-sox-summary.pdf,ALREADY HAD,93188,b33bd5da807f4c207b53a95a499923dffacdf48a89a7529af4573e7ed29d138b,2026-09-27 20:47 UTC,
sox-hrg-hfs-carta,07-sox-legislative-history/hhrg-107-60-hr3763-carta-hearings-2002.pdf,ALREADY HAD,12053883,4b07e848eef56360dec99dfe043cb56acefc9d954db8a7289f26bb96d233e4a3,2026-09-27 20:47 UTC,
sox-hrpt-107-610,07-sox-legislative-history/hrpt-107-610-sox-conference-report.pdf,ALREADY HAD,301956,ec71fb1d90cf82c80d6a6c21b8d618db2a81e24a0adb85abf5cec0a2afc0cdad,2026-09-27 20:47 UTC,
sox-bush-remarks,07-sox-legislative-history/wcpd-2002-bush-remarks-signing-sox-2002-07-30.pdf,ALREADY HAD,156795,08b2130da3f0e425aafc8d4fb8a0d53a4541611238076dad0e23c283bcbcb102,2026-09-27 20:47 UTC,
sox-bush-signing-statement,07-sox-legislative-history/wcpd-2002-bush-signing-statement-sox-2002-07-30.htm,ALREADY HAD,2563,bf4ea9739dd2bd2279af6c89ba52bd6dd9a7a5f7f9926677bb498cbf76bc0889,2026-09-27 20:47 UTC,
sox-plaw,08-sox-law-pcaob-profession/plaw-107-204-sarbanes-oxley-act.pdf,ALREADY HAD,290864,f6666256313bbaddac941da3f5bda04645e5abaf08a6c53394eef2d26a93a127,2026-09-27 20:47 UTC,
sox-plaw-html,08-sox-law-pcaob-profession/plaw-107-204-sarbanes-oxley-act.htm,ALREADY HAD,233131,9c87b10cc4f38243d161238ff9b0137533cc83b2e17fa9b1290a217acf134e4e,2026-09-27 20:47 UTC,
gao-03-864,08-sox-law-pcaob-profession/gao-03-864-accounting-firm-consolidation.pdf,ALREADY HAD,1852797,e4831a1b84ea8b94787f088944d61c3851952eb38b49d434151d35de0b289519,2026-09-27 20:47 UTC,
gao-03-1158,08-sox-law-pcaob-profession/gao-03-1158-accounting-firm-consolidation-selected-data.pdf,ALREADY HAD,660005,87b929f1bc14684e2a26e152bb2ef322456313e7c3ede227a3b5e7c8195ed41b,2026-09-27 20:47 UTC,
sec-pcaob-101d-order,08-sox-law-pcaob-profession/sec-33-8223-pcaob-101d-order-2003-04-25.htm,ALREADY HAD,57142,b82302caa35ac1dd00f6181e5ecbdbdd434e8fcdd0fb1c152c0dd832ea080a48,2026-09-27 20:47 UTC,
sec-pcaob-103-order,08-sox-law-pcaob-profession/sec-33-8222-pcaob-interim-standards-2003-04-25.htm,ALREADY HAD,57160,c799f9fa269e028265fa95a5dcf99eea52817b43fc8d3f80f9c14f2bacec16a7,2026-09-27 20:47 UTC,
sec-press-2003-52,08-sox-law-pcaob-profession/sec-press-2003-52-pcaob-organized.htm,ALREADY HAD,63463,79c38d6a27e9e57f9bad2bb42c7c5957f09a03c63949c85ebc6f2c447919a3c4,2026-09-27 20:47 UTC,
sec-sox704-report,08-sox-law-pcaob-profession/sec-sox-704-report-2003.pdf,ALREADY HAD,688552,fc5bbcef26d6248406e7ed1a86e1f81d5c17a8cf632d15b45e2579179c7112cc,2026-09-27 20:47 UTC,
andersen-scotus,09-courts-doj/arthur-andersen-v-us-544-us-696-2005.html,ALREADY HAD,9281,38e698bb735fd849cd716742d6d2834891ebdec2d66224d2a6c7914d01e80cea,2026-09-27 20:47 UTC,
doj-skilling-indictment,09-courts-doj/doj-skilling-indictment-2004.pdf,ALREADY HAD,10091650,7d626cd687f18cd99d152322461255bb78465f08a08ccf4e6864dff12c0fcf2a,2026-09-27 20:47 UTC,
doj-lay-charged-press,09-courts-doj/doj-press-2004-07-08-lay-charged.htm,ALREADY HAD,15772,78311fd8097b72c2aa120c8dcd5ecbec5d115a0d65e20bce91236e47fafc6bf1,2026-09-27 20:47 UTC,
doj-skilling-charged-press,09-courts-doj/doj-press-2004-02-19-skilling-charged.htm,ALREADY HAD,11405,dd095fa9feed0a82849c690d398f2f26822e7a160f0f3077fbfe57026c6fde33,2026-09-27 20:47 UTC,
ca5-skilling-2009,09-courts-doj/ca5-us-v-skilling-2009.pdf,ALREADY HAD,383682,ded92b20d80a6ba745aa0477a4541bf2b39b40a49e8a70440f4fac7970c5e4db,2026-09-27 20:47 UTC,
skilling-scotus-2010,09-courts-doj/skilling-v-us-561-us-358-2010.pdf,ALREADY HAD,573248,f8223d47dfaff5e13c8a7ba37f060e83ff867925c05bb391cdd3e8fe1f6fe584,2026-09-27 20:47 UTC,
doj-fastow-plea-press-2004,candidates/doj-press-2004-01-14-fastow-pleads-guilty.htm,ALREADY HAD,10056,db70ca7a3c254eec3cb9ffacd9f738e788725cce2e16c3dafa4c1a01a5546d5b,2026-09-27 20:47 UTC,
doj-fastow-sentenced-press-2006,candidates/doj-press-2006-09-26-fastow-sentenced.html,ALREADY HAD,4298,4ecc117dd8d35a90c0fd7e8747eb9a26135d2a103d3ff68215ee1fcaf2dc1c4d,2026-09-27 20:47 UTC,
doj-glisan-plea-press-2003,candidates/doj-press-2003-09-10-glisan-pleads-guilty.htm,ALREADY HAD,9055,4f38eff2f0e493d17dd37351563fa1c356d4e019e039ce2568677f273395bb6e,2026-09-27 20:47 UTC,
sec-duncan-litrel-20441,candidates/sec-litrel-20441-duncan-2008.htm,ALREADY HAD,69967,9067d44966df886fb1fea49a92305376948cc74115bf9045d738757c9009bc85,2026-09-27 20:47 UTC,
ca5-skilling-2011-remand,candidates/ca5-us-v-skilling-2011-remand.pdf,ALREADY HAD,138189,c736a8939bf10af3a3a2dcdd1345ba32092ec59b172b3f1a4bcc75d270645133,2026-09-27 20:47 UTC,
doj-skilling-sentencing-agreement-2013,candidates/doj-us-v-skilling-sentencing-agreement-2013.pdf,ALREADY HAD,322640,91a823b45e9e0efdfb031d98a5946728c6b3bf7d8747cab77a8314d2636275ae,2026-09-27 20:47 UTC,
doj-andersen-indictment-2002,candidates/doj-andersen-indictment-2002.pdf,ALREADY HAD,55291,913af7af2613f4bafd0ea0541fa9d00d271411b548061d00c9bf6ba322d876bc,2026-09-27 20:47 UTC,
andersen-scotus-full-usreports,candidates/arthur-andersen-v-us-544-us-696-2005-usreports.pdf,ALREADY HAD,133604,f19ecad9728680c396756b5ec79c30a11048ef62c8e6ec454e0fb523c584b4de,2026-09-27 20:47 UTC,
doj-dag-kopper-plea-transcript-2002,candidates/doj-dag-transcript-2002-08-21-kopper-plea.htm,ALREADY HAD,20785,45280a2875c87e2c8d51f3bd4c2b181960074a82c33130c028438299e06e4fae,2026-09-27 20:47 UTC,
doj-causey-sentenced-press-2006,candidates/doj-press-2006-11-15-causey-sentenced.html,ALREADY HAD,3395,d0e69a0de3dc9b9a17df0ce32cf2bc1cb7fe4e212e8b549302694596b66f7ddc,2026-09-27 20:47 UTC,
hrg-hfs-enron-investors-pt1,05-hearings-enron/hhrg-107-hfs-enron-collapse-2001-12-12.pdf,ALREADY HAD,3495701,4017d3a2221f93aec21dfc0da4be52ed9953eee09b40c6acff41edfdd3b5825c,2026-09-27 20:47 UTC,
pcaob-as2201-current,08-sox-law-pcaob-profession/pcaob-as2201-audit-of-icfr-current.html,OK,214152,79efcc1ac75f4d304928eaacfb679c81b72a6543f5a7365711846bb2ee872ed3,2026-09-27 20:47 UTC,
sec-33-8238-icfr-final-rule,08-sox-law-pcaob-profession/sec-33-8238-final-rule-icfr-management-report-2003.htm,OK,309609,1f77e8ab24c59fa0e193f5b1e4670e614a9014ba98a3ef9b3369ed19876b7ba7,2026-09-27 20:47 UTC,
sec-33-8124-certification-final-rule,08-sox-law-pcaob-profession/sec-33-8124-final-rule-ceo-cfo-certification-2002.htm,OK,184212,63ab5b29638d901b30250ea5f5d5e2f959f19791ddfb0daafe9b99589f845b97,2026-09-27 20:47 UTC,
sec-33-8810-icfr-guidance-2007,08-sox-law-pcaob-profession/sec-33-8810-interpretive-guidance-icfr-management-2007.pdf,OK,976172,308c75c66a303fc3af7fa18e60534d38fbc62fae029d165e4c29342a7651f471,2026-09-27 20:47 UTC,
sec-33-8183-auditor-independence,08-sox-law-pcaob-profession/sec-33-8183-final-rule-auditor-independence-2003.htm,OK,421536,f53b25f2ffdd45abcbaa3c5747b64c4ab62a8fae8f6a4a6b80aee34f0c14cbd5,2026-09-27 20:47 UTC,
gao-06-361,08-sox-law-pcaob-profession/gao-06-361-sox-smaller-public-companies-2006.pdf,OK,1014685,117f53d843530e70d6b94841a6ed432756ce3f3f2499da4b51315ac7546b4357,2026-09-27 20:47 UTC,
gao-08-163,08-sox-law-pcaob-profession/gao-08-163-audit-market-concentration-2008.pdf,OK,2504418,783965d12af5ef962447bfb76cf7f972f876515ab5378f55897c726cb5afb5a9,2026-09-27 20:47 UTC,
free-enterprise-fund-v-pcaob-usreports,09-courts-doj/free-enterprise-fund-v-pcaob-561-us-477-2010-usreports.pdf,OK,711703,c2cabd34788557e1271fb7336c21a238be59f11f00c0d68614e6cd6c70ad42a2,2026-09-27 20:47 UTC,
usc-15-7262-2024,08-sox-law-pcaob-profession/usc-15-7262-sox-404-management-assessment-2024ed.htm,OK,4691,9cf4069ab47b250eee4e3b630f2b247adfd913f4b7a9b721b8f4fc441e753eef,2026-09-27 20:48 UTC,
usc-15-78u-6-2024,08-sox-law-pcaob-profession/usc-15-78u-6-securities-whistleblower-2024ed.htm,OK,23837,529f36f9d45e16681e47823af0aac0fa3c85719d1884c83b6bf908aea48964fa,2026-09-27 20:48 UTC,
