id,folder,filename,title,date,source_body,url,public_domain,status,notes
powers-report,01-internal-investigation,powers-report-2002-02-01.pdf,Report of Investigation by the Special Investigative Committee of the Board of Directors of Enron Corp. (Powers Report),2002-02-01,Enron Board special committee (filed with SEC),https://picker.uchicago.edu/Enron/PowersReport(2-2-02).pdf,filed-public-record,to-download,University mirror of PDF; official copy below
powers-report-sec,01-internal-investigation,powers-report-sec-exhibit-99-2.txt,Powers Report as filed with SEC (Exhibit 99.2 to Enron Form 8-K),2002-02,SEC EDGAR,https://www.sec.gov/Archives/edgar/data/1024401/000090951802000089/big.txt,filed-public-record,to-download,Official provenance copy; plain text
batson-1st-interim,02-bankruptcy-examiner,batson-first-interim-report-2002-09-21.pdf,"First Interim Report of Neal Batson, Court-Appointed Examiner (In re Enron Corp., Bankr. S.D.N.Y.)",2002-09-21,U.S. Bankruptcy Court SDNY (examiner),https://picker.uchicago.edu/Enron/BatsonEnronReport(9-21-02).pdf,court-record,to-download,Court Docket No. 6615
batson-final,02-bankruptcy-examiner,batson-final-report-2003-11-04.pdf,"Final Report of Neal Batson, Court-Appointed Examiner",2003-11-04,U.S. Bankruptcy Court SDNY (examiner),https://bankrupt.com/misc/14455BatsonsFinalReport.pdf,court-record,to-download,"Clean scan, image only (no text layer). Court Docket No. 14455. Replaces the ConcernedShareholders.com copy, which adds third-party highlights and comments - do not cite that one."
ust-examiner-appointment,02-bankruptcy-examiner,doj-ust-press-examiner-appointment-2002-05-22.pdf,U.S. Trustee press release on appointment of Enron examiner,2002-05-22,DOJ U.S. Trustee Program,https://www.justice.gov/archive/ust/press/docs/pr_enron_examiner052202.pdf,yes,to-download,
batson-2nd-interim,02-bankruptcy-examiner,batson-second-interim-report-2003-01-21.pdf,"Second Interim Report of Neal Batson, Court-Appointed Examiner (with Appendices A-Q)",2003-01-21,U.S. Bankruptcy Court SDNY (examiner),,court-record,not-online,Docket No. 9551. NOT ON OPEN WEB. Get via PACER (Bankr. S.D.N.Y. No. 01-16034) or Penn Biddle Law Library NBA.049. Appendix E = Prepay Transactions; Appendix M = FAS 140; Appendix Q = impact of six accounting techniques
batson-3rd-interim,02-bankruptcy-examiner,batson-third-interim-report-2003-06-30.pdf,"Third Interim Report of Neal Batson, Court-Appointed Examiner (with Appendices A-J)",2003-06-30,U.S. Bankruptcy Court SDNY (examiner),,court-record,not-online,Docket No. 11960. NOT ON OPEN WEB. PACER or Penn NBA.049. Appendix C = Role of Enron officers; D = Citigroup; E = JPMorgan Chase; I = Merrill Lynch
batson-final-app-a,02-bankruptcy-examiner,batson-final-appendix-a-defined-terms-2003-11-04.pdf,Final Report of Neal Batson - Appendix A (Certain Defined Terms),2003-11-04,U.S. Bankruptcy Court SDNY (examiner),https://bankrupt.com/misc/14455AppendixA.pdf,court-record,to-download,"14 pages. Glossary of people, entities and deals - useful for agents. Size matches bankrupt.com listing (500,716 bytes)"
batson-final-app-b-part1,02-bankruptcy-examiner,batson-final-appendix-b-andersen-part1-2003-11-04.pdf,"Final Report of Neal Batson - Appendix B (Role of Andersen), Part 1",2003-11-04,U.S. Bankruptcy Court SDNY (examiner),https://bankrupt.com/misc/14455AppendixBPart1.pdf,court-record,to-download,"104 pages (cover through p. 102; Part 2 continues at p. 103). Court electronic-filing copy stamped 'Doc 14455-2 Filed 11/24/03'. bankrupt.com's original was corrupted; the site operator replaced it on Sept 25, 2026 after Steven reported it. sha256 starts c8668a86. Upload by hand (bankrupt.com fails from GitHub)"
batson-final-app-b-part2,02-bankruptcy-examiner,batson-final-appendix-b-andersen-part2-2003-11-04.pdf,"Final Report of Neal Batson - Appendix B (Role of Andersen), Part 2",2003-11-04,U.S. Bankruptcy Court SDNY (examiner),https://bankrupt.com/misc/14455AppendixBPart2.pdf,court-record,to-download,"Pages 103 onward, continuing Part 1. Auditor / Big 4 thread. Upload by hand (bankrupt.com fails from GitHub)"
batson-final-app-c,02-bankruptcy-examiner,batson-final-appendix-c-enrons-attorneys-2003-11-04.pdf,Final Report of Neal Batson - Appendix C (Role of Enron's Attorneys),2003-11-04,U.S. Bankruptcy Court SDNY (examiner),,court-record,uploaded-manually,"Repo copy verified complete (Sept 2026): 247 pages = main appendix (TOC through Sec. VII, pp. 1-~200) plus Annex 1 (Legal Standards Applicable to Attorneys, pp. 1-41). sha256 starts e66f535e. Came from a site other than bankrupt.com; original URL not recorded. bankrupt.com has a smaller copy (14455AppendixC.pdf, 7.3 MB) not yet compared. Ties to the lawyers hearing (Pt 4) and SOX Sec. 307"
batson-final-app-d,02-bankruptcy-examiner,batson-final-appendix-d-lay-skilling-outside-directors-2003-11-04.pdf,"Final Report of Neal Batson - Appendix D (Roles of Lay, Skilling and Outside Directors)",2003-11-04,U.S. Bankruptcy Court SDNY (examiner),https://bankrupt.com/misc/14455AppendixD.pdf,court-record,to-download,254 pages incl. attachments (outside-director bios; director stock sales) and annexes (Lay/Skilling stock loan repayments; legal standards). Key source for the fact-checker
batson-final-app-e,02-bankruptcy-examiner,batson-final-appendix-e-rbs-2003-11-04.pdf,Final Report of Neal Batson - Appendix E (Role of RBS and its Affiliates),2003-11-04,U.S. Bankruptcy Court SDNY (examiner),https://bankrupt.com/misc/14455AppendixE.pdf,court-record,to-download,102 pages. Not the prepay appendix - that is Appendix E to the Second Interim Report
batson-final-app-f,02-bankruptcy-examiner,batson-final-appendix-f-csfb-2003-11-04.pdf,Final Report of Neal Batson - Appendix F (Role of Credit Suisse First Boston and its Affiliates),2003-11-04,U.S. Bankruptcy Court SDNY (examiner),https://bankrupt.com/misc/14455AppendixF.pdf,court-record,to-download,Found by Steven via the docket-number pattern
batson-final-app-g,02-bankruptcy-examiner,batson-final-appendix-g-toronto-dominion-2003-11-04.pdf,Final Report of Neal Batson - Appendix G (Role of Toronto Dominion and its Affiliates),2003-11-04,U.S. Bankruptcy Court SDNY (examiner),https://bankrupt.com/misc/14455AppendixG.pdf,court-record,to-download,Found by Steven via the docket-number pattern
enron-10k-2000,03-sec-filings,enron-10k-fy2000.txt,Enron Corp. Form 10-K for fiscal year 2000,2001-04,SEC EDGAR,https://www.sec.gov/Archives/edgar/data/1024401/000102440101500010/ene10-k.txt,filed-public-record,to-download,Last annual report before collapse
enron-10q-q3-2001,03-sec-filings,enron-10q-2001-09-30.txt,"Enron Corp. Form 10-Q for quarter ended Sept 30, 2001",2001-11,SEC EDGAR,https://www.sec.gov/Archives/edgar/data/1024401/000095012901504218/h92492e10-q.txt,filed-public-record,to-download,
enron-8k-nov-2001,03-sec-filings,enron-8k-2001-11.txt,"Enron Corp. Form 8-K dated Nov 8, 2001 - restatement of 1997-2000 and Q1-Q2 2001",2001-11-08,SEC EDGAR,https://www.sec.gov/Archives/edgar/data/1024401/000095012901503835/h91831e8-k.txt,filed-public-record,to-download,"Confirmed in pass 2: Date of Report Nov 8, 2001; restatement disclosure"
enron-8k-nov-2001-ex99-1,03-sec-filings,enron-8k-2001-11-08-ex99-1-press-release.txt,"Exhibit 99.1 to Nov 8, 2001 8-K - Enron press release on restatement (net income reductions by year)",2001-11-08,SEC EDGAR,https://www.sec.gov/Archives/edgar/data/0001024401/000095012901503835/h91831ex99-1.txt,filed-public-record,to-download,Has the restatement dollar amounts by year
enron-8k-dynegy-merger,03-sec-filings,enron-8k-2001-11-09-dynegy-merger.txt,"Enron Corp. Form 8-K - proposed merger with Dynegy (Nov 9, 2001)",2001-11-09,SEC EDGAR,https://www.sec.gov/Archives/edgar/data/0001024401/000095012901504015/h92082e8-k.txt,filed-public-record,to-download,The rescue deal that collapsed before bankruptcy
sec-enron-spotlight,04-sec-enforcement,sec-enron-spotlight-index.html,SEC Spotlight on Enron - index of all enforcement actions,n/a,SEC,https://www.sec.gov/spotlight/enron.htm,yes,to-download,Master list of ~45 SEC actions
sec-fastow-complaint,04-sec-enforcement,sec-v-fastow-complaint-2002.htm,SEC v. Andrew S. Fastow - Complaint (Lit. Rel. 17762),2002-10-02,SEC,https://www.sec.gov/litigation/complaints/comp17762.htm,yes,to-download,
sec-kopper-complaint,04-sec-enforcement,sec-v-kopper-complaint-2002.htm,SEC v. Michael J. Kopper - Complaint (Lit. Rel. 17692),2002-08-21,SEC,https://www.sec.gov/litigation/complaints/comp17692.htm,yes,to-download,
sec-skilling-causey-complaint,04-sec-enforcement,sec-v-skilling-causey-complaint-2004.htm,SEC v. Richard A. Causey and Jeffrey K. Skilling - Complaint (Lit. Rel. 18582),2004-02-19,SEC,https://www.sec.gov/litigation/complaints/comp18582.htm,yes,to-download,
sec-lay-complaint,04-sec-enforcement,sec-v-lay-complaint-2004.pdf,SEC v. Kenneth L. Lay - Complaint (Lit. Rel. 18776),2004-07-08,SEC,https://www.sec.gov/litigation/complaints/comp18776.pdf,yes,to-download,
sec-glisan-complaint,04-sec-enforcement,sec-v-glisan-complaint-2003.htm,SEC v. Ben F. Glisan Jr. - Complaint (Lit. Rel. 18335),2003-09-10,SEC,https://www.sec.gov/litigation/complaints/comp18335.htm,yes,to-download,
sec-merrill-complaint,04-sec-enforcement,sec-v-merrill-lynch-complaint-2003.htm,SEC v. Merrill Lynch and executives - Complaint (Nigerian barge; Lit. Rel. 18038),2003-03-17,SEC,https://www.sec.gov/litigation/complaints/comp18038.htm,yes,to-download,
sec-jpm-citi-press,04-sec-enforcement,sec-press-2003-87-jpmorgan-citigroup.htm,SEC press release 2003-87: J.P. Morgan Chase and Citigroup settle Enron-related charges,2003-07-28,SEC,https://www.sec.gov/news/press/2003-87.htm,yes,to-download,
sec-duncan-complaint,04-sec-enforcement,sec-v-duncan-complaint-2008.pdf,SEC v. David B. Duncan (Andersen engagement partner) - Complaint (Lit. Rel. 20441),2008-01-28,SEC,https://www.sec.gov/litigation/complaints/2008/comp20441.pdf,yes,to-download,Auditor-side action
hrg-hec-andersen-shredding,05-hearings-enron,hhrg-107-80-destruction-of-enron-documents-by-andersen-2002-01-24.pdf,Destruction of Enron-Related Documents by Andersen Personnel (House E&C Oversight; Serial 107-80),2002-01-24,U.S. House via GPO,https://www.govinfo.gov/content/pkg/CHRG-107hhrg77569/pdf/CHRG-107hhrg77569.pdf,yes,to-download,"First congressional Enron hearing. Duncan (Andersen lead partner) took the Fifth; Andersen's Baskin, Temple (in-house lawyer) and Odom testified. Fact-checker: verify how Duncan's case ended before describing him"
hrg-sga-fall-of-enron,05-hearings-enron,shrg-107-376-fall-of-enron-2002-01-24.pdf,"The Fall of Enron: How Could It Have Happened? (S.Hrg. 107-376, Senate Governmental Affairs)",2002-01-24,U.S. Senate via GPO,https://www.govinfo.gov/content/pkg/CHRG-107shrg78614/pdf/CHRG-107shrg78614.pdf,yes,to-download,
hrg-energy-enron-collapse,05-hearings-enron,shrg-107-458-enron-collapse-energy-markets-2002-01-29.pdf,"Enron Corporation's Collapse (S.Hrg. 107-458, Senate Energy & Natural Resources)",2002-01-29,U.S. Senate via GPO,https://www.govinfo.gov/content/pkg/CHRG-107shrg79753/pdf/CHRG-107shrg79753.pdf,yes,to-download,Energy-market angle (FERC; CFTC)
hrg-hfs-enron-investors,05-hearings-enron,hhrg-107-51-pt2-enron-collapse-investors-2002-02-04.pdf,The Enron Collapse: Implications to Investors and the Capital Markets (House Financial Services; Serial 107-51 Pt 2),2002-02-04,U.S. House via GPO,https://www.govinfo.gov/content/pkg/CHRG-107hhrg82103/pdf/CHRG-107hhrg82103.pdf,yes,to-download,Witnesses: Pitt (SEC); Powers; Berardino (Andersen CEO)
hrg-hec-collapse-pt1,05-hearings-enron,hhrg-107-86-financial-collapse-of-enron-pt1-2002-02-05.pdf,The Financial Collapse of Enron - Part 1 (House E&C Oversight; Serial 107-86),2002-02-05,U.S. House via GPO,https://www.govinfo.gov/content/pkg/CHRG-107hhrg77985/pdf/CHRG-107hhrg77985.pdf,yes,to-download,Witness: William Powers (Powers Report)
hrg-hec-collapse-pt2,05-hearings-enron,hhrg-107-88-financial-collapse-of-enron-pt2-2002-02-07.pdf,The Financial Collapse of Enron - Part 2 (House E&C Oversight; Serial 107-88),2002-02-07,U.S. House via GPO,https://www.govinfo.gov/content/pkg/CHRG-107hhrg77987/pdf/CHRG-107hhrg77987.pdf,yes,to-download,Fastow; Kopper; Causey; Buy took the Fifth; Bauer (Andersen); McMahon; Mintz; Olson testified
hrg-hec-collapse-pt3,05-hearings-enron,hhrg-107-89-financial-collapse-of-enron-pt3-2002-02-14.pdf,The Financial Collapse of Enron - Part 3 (House E&C Oversight; Serial 107-89),2002-02-14,U.S. House via GPO,https://www.govinfo.gov/content/pkg/CHRG-107hhrg77991/pdf/CHRG-107hhrg77991.pdf,yes,to-download,Witness: Sherron Watkins (Raptors; Aug 2001 warning to Lay)
hrg-hec-collapse-pt4,05-hearings-enron,hhrg-107-90-financial-collapse-of-enron-pt4-2002-03-14.pdf,The Financial Collapse of Enron - Part 4 (House E&C Oversight; Serial 107-90),2002-03-14,U.S. House via GPO,https://www.govinfo.gov/content/pkg/CHRG-107hhrg78506/pdf/CHRG-107hhrg78506.pdf,yes,to-download,Role of lawyers: Enron in-house counsel and Vinson & Elkins
hrg-hec-auditing,05-hearings-enron,hhrg-107-83-lessons-learned-auditing-the-accounting-industry-2002-02-06.pdf,Lessons Learned from Enron's Collapse: Auditing the Accounting Industry (House Energy & Commerce; Serial 107-83),2002-02-06,U.S. House via GPO,https://www.govinfo.gov/content/pkg/CHRG-107hhrg77986/pdf/CHRG-107hhrg77986.pdf,yes,to-download,Auditing-profession focus; date and serial confirmed in pass 2
hrg-commerce-lay-powers,05-hearings-enron,shrg-107-773-collapse-of-enron-2002-02-12.pdf,"Collapse of Enron (S.Hrg. 107-773, Senate Commerce)",2002-02-12,U.S. Senate via GPO,https://www.govinfo.gov/content/pkg/CHRG-107shrg82951/pdf/CHRG-107shrg82951.pdf,yes,to-download,Lay invoked Fifth Amendment; Powers testified
hrg-commerce-skilling-watkins,05-hearings-enron,shrg-107-1141-collapse-of-enron-corp-2002-02-26.pdf,"Collapse of the Enron Corporation (S.Hrg. 107-1141, Senate Commerce)",2002-02-26,U.S. Senate via GPO,https://www.govinfo.gov/content/pkg/CHRG-107shrg88896/pdf/CHRG-107shrg88896.pdf,yes,to-download,Witnesses: Sherron Watkins; Jeffrey McMahon; Jeffrey Skilling
hrg-sga-analysts,05-hearings-enron,shrg-107-385-watchdogs-didnt-bark-analysts-2002-02-27.pdf,The Watchdogs Didn't Bark: Enron and the Wall Street Analysts (S.Hrg. 107-385),2002-02-27,U.S. Senate via GPO,https://www.govinfo.gov/content/pkg/CHRG-107shrg78622/pdf/CHRG-107shrg78622.pdf,yes,to-download,
hrg-psi-board,05-hearings-enron,shrg-107-511-role-of-board-2002-05-07.pdf,"The Role of the Board of Directors in Enron's Collapse (S.Hrg. 107-511, Senate PSI)",2002-05-07,U.S. Senate via GPO,https://www.govinfo.gov/content/pkg/CHRG-107shrg80300/pdf/CHRG-107shrg80300.pdf,yes,to-download,
hrg-psi-banks-v1,05-hearings-enron,shrg-107-618-v1-role-of-financial-institutions.pdf,"The Role of the Financial Institutions in Enron's Collapse, Vol. 1 (S.Hrg. 107-618, Senate PSI)",2002-07-23,U.S. Senate via GPO,https://www.govinfo.gov/content/pkg/CHRG-107shrg81313/pdf/CHRG-107shrg81313.pdf,yes,to-download,Prepays; Citigroup; JPMorgan
hrg-psi-banks-v2,05-hearings-enron,shrg-107-618-v2-role-of-financial-institutions.pdf,"The Role of the Financial Institutions in Enron's Collapse, Vol. 2 (S.Hrg. 107-618, Senate PSI)",2002-07-30,U.S. Senate via GPO,https://www.govinfo.gov/content/pkg/CHRG-107shrg83050/pdf/CHRG-107shrg83050.pdf,yes,to-download,Large exhibit volume
hrg-sjud-accountability,05-hearings-enron,shrg-107-830-accountability-issues-2002-02-06.pdf,"Accountability Issues: Lessons Learned from Enron's Fall (S.Hrg. 107-830, Senate Judiciary)",2002-02-06,U.S. Senate via GPO,https://www.govinfo.gov/content/pkg/CHRG-107shrg84416/pdf/CHRG-107shrg84416.pdf,yes,to-download,Witnesses include WA AG Gregoire; law professors Koniak and Lund. PDF URL built from confirmed govinfo package ID
hrg-help-pensions,05-hearings-enron,shrg-107-464-protecting-pensions-2002-02-07.pdf,"Protecting the Pensions of Working Americans: Lessons from the Enron Debacle (S.Hrg. 107-464, Senate HELP)",2002-02-07,U.S. Senate via GPO,https://www.govinfo.gov/content/pkg/CHRG-107shrg77706/pdf/CHRG-107shrg77706.pdf,yes,to-download,Employees 401(k) losses in Enron stock; ERISA
gao-02-480t-pensions,05-hearings-enron,gao-02-480t-private-pensions-after-enron-2002-02-27.pdf,GAO-02-480T Private Pensions: Key Issues to Consider Following the Enron Collapse (testimony to Senate Finance),2002-02-27,GAO via GPO,https://www.govinfo.gov/content/pkg/GAOREPORTS-GAO-02-480T/pdf/GAOREPORTS-GAO-02-480T.pdf,yes,to-download,Comptroller General Walker
rpt-psi-board,06-congressional-reports,sprt-107-70-role-of-board-report.pdf,The Role of the Board of Directors in Enron's Collapse - Senate PSI staff report,2002-07-08,U.S. Senate via GPO,https://www.govinfo.gov/content/pkg/CPRT-107SPRT80393/pdf/CPRT-107SPRT80393.pdf,yes,to-download,
rpt-sga-watchdogs,06-congressional-reports,sprt-financial-oversight-of-enron-sec-and-watchdogs.pdf,Financial Oversight of Enron: The SEC and Private-Sector Watchdogs - Senate Governmental Affairs staff report,2002-10-07,U.S. Senate via GPO,https://www.govinfo.gov/content/pkg/CPRT-107SPRT82147/pdf/CPRT-107SPRT82147.pdf,yes,to-download,
rpt-psi-fishtail,06-congressional-reports,sprt-107-82-fishtail-bacchus-sundance-slapshot.pdf,Fishtail; Bacchus; Sundance; and Slapshot: Four Enron Transactions Funded and Facilitated by U.S. Financial Institutions (S. Prt. 107-82; Senate PSI),2003-01-02,U.S. Senate via GPO,https://www.govinfo.gov/content/pkg/CPRT-107SPRT83559/pdf/CPRT-107SPRT83559.pdf,yes,to-download,Banks as enablers
rpt-jct-vol1,06-congressional-reports,jcs-3-03-vol1-jct-enron-tax-report.pdf,Report of Investigation of Enron Corporation and Related Entities Regarding Federal Tax and Compensation Issues - Vol. I (JCS-3-03),2003-02,Joint Committee on Taxation via GPO,https://www.govinfo.gov/content/pkg/CPRT-108JPRT84724/pdf/CPRT-108JPRT84724.pdf,yes,to-download,Tax-shelter structures; exec comp
sox-hrg-banking-v1,07-sox-legislative-history,shrg-107-948-v1-accounting-reform-investor-protection.pdf,"Accounting Reform and Investor Protection, Vol. I (S.Hrg. 107-948, Senate Banking)",2002-02/03,U.S. Senate via GPO,https://www.govinfo.gov/content/pkg/CHRG-107shrg87708/pdf/CHRG-107shrg87708.pdf,yes,to-download,Sarbanes' Senate hearings that built the PCAOB design
sox-hrg-banking-v2,07-sox-legislative-history,shrg-107-948-v2-accounting-reform-investor-protection.pdf,"Accounting Reform and Investor Protection, Vol. II (S.Hrg. 107-948)",2002,U.S. Senate via GPO,https://www.govinfo.gov/content/pkg/CHRG-107shrg87708/pdf/CHRG-107shrg87708-volII.pdf,yes,to-download,
sox-hrg-banking-v3,07-sox-legislative-history,shrg-107-948-v3-accounting-reform-investor-protection.pdf,"Accounting Reform and Investor Protection, Vol. III (S.Hrg. 107-948)",2002,U.S. Senate via GPO,https://www.govinfo.gov/content/pkg/CHRG-107shrg87708/pdf/CHRG-107shrg87708-volIII.pdf,yes,to-download,
sox-srpt-107-205,07-sox-legislative-history,srpt-107-205-senate-banking-report.pdf,S. Rept. 107-205 - Public Company Accounting Reform and Investor Protection Act of 2002,2002-06-26,U.S. Senate via GPO,https://www.govinfo.gov/content/pkg/CRPT-107srpt205/pdf/CRPT-107srpt205.pdf,yes,to-download,Senate committee's explanation of the bill that became SOX
sox-hrpt-107-414,07-sox-legislative-history,hrpt-107-414-carta-house-report.pdf,H. Rept. 107-414 - Corporate and Auditing Accountability; Responsibility; and Transparency Act (H.R. 3763),2002-04,U.S. House via GPO,https://www.govinfo.gov/content/pkg/CRPT-107hrpt414/pdf/CRPT-107hrpt414.pdf,yes,to-download,Oxley's House bill
sox-pitt-testimony,07-sox-legislative-history,sec-pitt-testimony-carta-2002-03-20.htm,SEC Chairman Pitt testimony on H.R. 3763 (CARTA),2002-03-20,SEC,https://www.sec.gov/newsroom/speeches-statements/032002tshlp-testimony-corporate-auditing-accountability-responsibility-transparency-act,yes,to-download,
sox-crs-summary,07-sox-legislative-history,crs-rl31554-sox-summary.pdf,CRS Report RL31554 - Sarbanes-Oxley Act of 2002 (P.L. 107-204),2002-08-27,Congressional Research Service (via EveryCRSReport),https://www.everycrsreport.com/files/20020827_RL31554_81c337259809bd1f90d40847697b5e8f16f923c1.pdf,yes,to-download,Plain-English section summary
sox-hrg-hfs-carta,07-sox-legislative-history,hhrg-107-60-hr3763-carta-hearings-2002.pdf,"H.R. 3763 - The Corporate and Auditing Accountability, Responsibility and Transparency Act of 2002 (House Financial Services; Serial 107-60)",2002-03-13/2002-04-09,U.S. House via GPO,https://www.govinfo.gov/content/pkg/CHRG-107hhrg78501/pdf/CHRG-107hhrg78501.pdf,yes,to-download,"Oxley's House hearings (Mar 13, 20; Apr 9). Witnesses incl. former SEC Chair Breeden. Backup copy: https://financialservices.house.gov/media/pdf/107-60.pdf"
sox-hrpt-107-610,07-sox-legislative-history,hrpt-107-610-sox-conference-report.pdf,H. Rept. 107-610 - Conference Report on H.R. 3763 (Sarbanes-Oxley Act of 2002),2002-07-24,U.S. House via GPO,https://www.govinfo.gov/content/pkg/CRPT-107hrpt610/pdf/CRPT-107hrpt610.pdf,yes,to-download,Where House and Senate versions were reconciled. URL built from govinfo pattern - verify after download; confirm date
sox-bush-remarks,07-sox-legislative-history,wcpd-2002-bush-remarks-signing-sox-2002-07-30.pdf,"Remarks on Signing the Sarbanes-Oxley Act of 2002 (Weekly Compilation of Presidential Documents, vol. 38, pp. 1283-1286)",2002-07-30,Office of the Federal Register via GPO,https://www.govinfo.gov/content/pkg/WCPD-2002-08-05/pdf/WCPD-2002-08-05-Pg1283.pdf,yes,to-download,President Bush signing ceremony
sox-bush-signing-statement,07-sox-legislative-history,wcpd-2002-bush-signing-statement-sox-2002-07-30.htm,"Statement on Signing the Sarbanes-Oxley Act of 2002 (Weekly Compilation of Presidential Documents, vol. 38, p. 1286)",2002-07-30,Office of the Federal Register via GPO,https://www.govinfo.gov/content/pkg/WCPD-2002-08-05/html/WCPD-2002-08-05-Pg1286.htm,yes,to-download,"Written statement; addresses how the executive branch will construe sections 302, 401, 906"
sox-plaw,08-sox-law-pcaob-profession,plaw-107-204-sarbanes-oxley-act.pdf,Sarbanes-Oxley Act of 2002 - Public Law 107-204 (enrolled text),2002-07-30,GPO,https://www.govinfo.gov/content/pkg/PLAW-107publ204/pdf/PLAW-107publ204.pdf,yes,to-download,Authoritative text
sox-plaw-html,08-sox-law-pcaob-profession,plaw-107-204-sarbanes-oxley-act.htm,Sarbanes-Oxley Act of 2002 - Public Law 107-204 (HTML),2002-07-30,GPO,https://www.govinfo.gov/content/pkg/PLAW-107publ204/html/PLAW-107publ204.htm,yes,to-download,Easier for agents to parse
gao-03-864,08-sox-law-pcaob-profession,gao-03-864-accounting-firm-consolidation.pdf,GAO-03-864 Public Accounting Firms: Mandated Study on Consolidation and Competition,2003-07,GAO,https://www.gao.gov/assets/gao-03-864.pdf,yes,to-download,SOX Sec. 701 study; Big 5 to Big 4 after Andersen
gao-03-1158,08-sox-law-pcaob-profession,gao-03-1158-accounting-firm-consolidation-selected-data.pdf,GAO-03-1158 Accounting Firm Consolidation: Selected Large Public Company Views,2003-09,GAO,https://www.gao.gov/assets/gao-03-1158.pdf,yes,to-download,
sec-pcaob-101d-order,08-sox-law-pcaob-profession,sec-33-8223-pcaob-101d-order-2003-04-25.htm,SEC Order Regarding Section 101(d) of SOX - PCAOB determined ready to operate (Rel. 33-8223),2003-04-25,SEC,https://www.sec.gov/rule-release/33-8223,yes,to-download,The date the PCAOB became operational; starts the 180-day firm registration clock
sec-pcaob-103-order,08-sox-law-pcaob-profession,sec-33-8222-pcaob-interim-standards-2003-04-25.htm,SEC Order Regarding Section 103(a)(3)(B) of SOX - PCAOB interim auditing and professional standards (Rel. 33-8222),2003-04-25,SEC,https://www.sec.gov/rules/other/33-8222.htm,yes,to-download,PCAOB adopts existing AICPA standards as interim standards
sec-press-2003-52,08-sox-law-pcaob-profession,sec-press-2003-52-pcaob-organized.htm,SEC press release 2003-52: SEC Determines PCAOB Appropriately Organized,2003-04-25,SEC,https://www.sec.gov/news/press/2003-52.htm,yes,to-download,Names founding Board members
sec-sox704-report,08-sox-law-pcaob-profession,sec-sox-704-report-2003.pdf,SEC Report Pursuant to Section 704 of the Sarbanes-Oxley Act of 2002 (study of enforcement actions 1997-2002),2003-01,SEC,https://www.sec.gov/news/studies/sox704report.pdf,yes,to-download,Which areas of reporting are most prone to fraud; revenue recognition
andersen-scotus,09-courts-doj,arthur-andersen-v-us-544-us-696-2005.html,Arthur Andersen LLP v. United States; 544 U.S. 696 (2005) - Supreme Court opinion,2005-05-31,U.S. Supreme Court (via Cornell LII),https://www.law.cornell.edu/supct/html/04-368.ZS.html,yes,to-download,Conviction reversed - but too late for the firm
doj-skilling-indictment,09-courts-doj,doj-skilling-indictment-2004.pdf,U.S. v. Skilling - Indictment (DOJ Enron Task Force),2004-02,DOJ,https://www.justice.gov/archive/dag/cftf/chargingdocs/skillingindictment.pdf,yes,to-download,
doj-lay-charged-press,09-courts-doj,doj-press-2004-07-08-lay-charged.htm,DOJ press release: Kenneth Lay charged with conspiracy; fraud; false statements,2004-07-08,DOJ,https://www.justice.gov/archive/opa/pr/2004/July/04_crm_470.htm,yes,to-download,Lay died 2006 before appeal; conviction vacated (abatement) - fact-check note
doj-skilling-charged-press,09-courts-doj,doj-press-2004-02-19-skilling-charged.htm,DOJ press release: Jeffrey Skilling charged,2004-02-19,DOJ,https://www.justice.gov/archive/opa/pr/2004/February/04_crm_099.htm,yes,to-download,
ca5-skilling-2009,09-courts-doj,ca5-us-v-skilling-2009.pdf,United States v. Skilling - Fifth Circuit opinion (06-20885),2009-01-06,U.S. Court of Appeals 5th Cir.,https://www.ca5.uscourts.gov/opinions/pub/06/06-20885-CR0.wpd.pdf,yes,to-download,Later narrowed by Skilling v. U.S. (2010) - honest-services
skilling-scotus-2010,09-courts-doj,skilling-v-us-561-us-358-2010.pdf,Skilling v. United States; 561 U.S. 358 (2010) - Supreme Court opinion (official U.S. Reports),2010-06-24,U.S. Supreme Court (via Library of Congress),https://tile.loc.gov/storage-services/service/ll/usrep/usrep561/usrep561358/usrep561358.pdf,yes,to-download,Honest-services fraud limited to bribes and kickbacks; fair-trial claim rejected; case remanded
