id,folder,filename,title,date,source_body,url,public_domain,status,notes,fills_gap,sha256,official_or_mirror,other_versions_exist
doj-fastow-plea-press-2004,candidates,doj-press-2004-01-14-fastow-pleads-guilty.htm,DOJ press release #019: Former Enron CFO Andrew Fastow pleads guilty to conspiracy to commit securities and wire fraud,2004-01-14,DOJ Office of Public Affairs,https://www.justice.gov/archive/opa/pr/2004/January/04_crm_019.htm,yes,candidate-unapproved,Archived DOJ press release (HTML). Press release describes a plea; the plea agreement itself (court filing) was not downloaded.,1,db70ca7a3c254eec3cb9ffacd9f738e788725cce2e16c3dafa4c1a01a5546d5b,official,Plea agreement exists as a court filing (S.D. Tex.; PACER). Not checked.
doj-fastow-sentenced-press-2006,candidates,doj-press-2006-09-26-fastow-sentenced.html,DOJ press release #06-647: Former Enron CFO Andrew Fastow sentenced to six years in prison,2006-09-26,DOJ Office of Public Affairs,https://www.justice.gov/archive/opa/pr/2006/September/06_crm_647.html,yes,candidate-unapproved,Archived DOJ press release (HTML).,1,4ecc117dd8d35a90c0fd7e8747eb9a26135d2a103d3ff68215ee1fcaf2dc1c4d,official,Judgment is a court filing (PACER). Not checked.
doj-glisan-plea-press-2003,candidates,doj-press-2003-09-10-glisan-pleads-guilty.htm,DOJ press release #492: Former Enron Treasurer Ben Glisan pleads guilty to conspiracy to commit wire and securities fraud,2003-09-10,DOJ Office of Public Affairs,https://www.justice.gov/archive/opa/pr/2003/September/03_crm_492.htm,yes,candidate-unapproved,Archived DOJ press release (HTML). Covers plea and same-day sentencing per its title/search listing; coordinator should confirm on review.,2,4f38eff2f0e493d17dd37351563fa1c356d4e019e039ce2568677f273395bb6e,official,Plea agreement and judgment are court filings (PACER). Not checked.
sec-duncan-litrel-20441,candidates,sec-litrel-20441-duncan-2008.htm,SEC Litigation Release 20441: SEC v. David B. Duncan (settled civil action),2008-01-28,SEC,https://www.sec.gov/litigation/litreleases/2008/lr20441.htm,yes,candidate-unapproved,Covers the SEC civil case outcome only. It does NOT cover Duncan's criminal case (no mention found of the plea or its later history). Library already has the complaint (sec-duncan-complaint).,3 (partial: civil side only); 12; 22,f1593a027cd23ef625e8e46883fddd8ee2bf01328c50cf2f598987a0ca1056ba,official,Related SEC administrative order 34-57234 (https://www.sec.gov/files/litigation/admin/2008/34-57234.pdf) not downloaded.
ca5-skilling-2011-remand,candidates,ca5-us-v-skilling-2011-remand.pdf,United States v. Skilling - Fifth Circuit opinion on remand from the Supreme Court (No. 06-20885),2011-04-06,U.S. Court of Appeals 5th Cir.,https://www.ca5.uscourts.gov/opinions/pub/06/06-20885-CR1.wpd.pdf,yes,candidate-unapproved,Court's own website copy. 16 pages; has a text layer.,4,c736a8939bf10af3a3a2dcdd1345ba32092ec59b172b3f1a4bcc75d270645133,official,Also on govinfo.gov (USCOURTS-ca5-06-20885); unofficial copies on Justia/FindLaw. Reported in F.3d (not checked).
doj-skilling-sentencing-agreement-2013,candidates,doj-us-v-skilling-sentencing-agreement-2013.pdf,U.S. v. Skilling - Sentencing Agreement (Doc. 1316-1; Cr. No. 4:04-cr-25; S.D. Tex.),2013-05-08,DOJ Criminal Division Fraud Section (court filing hosted on justice.gov),https://www.justice.gov/sites/default/files/criminal-vns/legacy/2013/05/09/skilling-sentencing-agreement.pdf,yes,candidate-unapproved,An agreement filed before resentencing; it is not the resentencing judgment itself. The DOJ press release on the 2013 resentencing (https://www.justice.gov/archives/opa/pr/former-enron-ceo-jeffrey-skilling-resentenced-168-months-fraud-conspiracy-charges) could not be downloaded: justice.gov served an automated bot-check page. The owner could save it from a browser.,4 (partial),91a823b45e9e0efdfb031d98a5946728c6b3bf7d8747cab77a8314d2636275ae,official,Also on PACER as Doc. 1316-1. Resentencing judgment on PACER only.
doj-andersen-indictment-2002,candidates,doj-andersen-indictment-2002.pdf,U.S. v. Arthur Andersen LLP - Indictment (S.D. Tex.; filed 3/7/02),2002-03-07,DOJ (Corporate Fraud Task Force archive),https://www.justice.gov/archive/dag/cftf/chargingdocs/andersenllpindictment.pdf,yes,candidate-unapproved,7 pages; has a text layer. File stamp on page 1 reads Filed 3/7/02; the DOJ news conference unsealing it was 3/14/02 (https://www.justice.gov/archive/dag/speeches/2002/031402newsconferncearthurandersen.htm; not downloaded).,5 (indictment part),913af7af2613f4bafd0ea0541fa9d00d271411b548061d00c9bf6ba322d876bc,official,Court copy on PACER. Not checked.
andersen-scotus-full-usreports,candidates,arthur-andersen-v-us-544-us-696-2005-usreports.pdf,Arthur Andersen LLP v. United States; 544 U.S. 696 (2005) - full opinion (official U.S. Reports),2005-05-31,U.S. Supreme Court (via Library of Congress),https://tile.loc.gov/storage-services/service/ll/usrep/usrep544/usrep544696/usrep544696.pdf,yes,candidate-unapproved,13 pages; syllabus plus full opinion. Same source pattern as library item skilling-scotus-2010. Would replace or supplement andersen-scotus (Syllabus only).,9; 5 (reversal part),f19ecad9728680c396756b5ec79c30a11048ef62c8e6ec454e0fb523c584b4de,official,Slip opinion on supremecourt.gov (the URL tried; https://www.supremecourt.gov/opinions/04pdf/04-368.pdf; returned 404); Cornell LII HTML (library copy is the LII Syllabus page).
doj-dag-kopper-plea-transcript-2002,candidates,doj-dag-transcript-2002-08-21-kopper-plea.htm,DOJ transcript: Deputy Attorney General Larry Thompson news conference announcing Enron guilty plea (Kopper),2002-08-21 (see notes),DOJ Office of the Deputy Attorney General,https://www.justice.gov/archive/dag/speeches/2002/082102dagtranscripts.htm,yes,candidate-unapproved,Transcript of a news conference; spoken remarks rather than a formal release. Date uncertain: page title says 08-22-02 but the URL says 082102. No OPA press release on Kopper was found in the August 2002 DOJ index.,6 (plea only; not sentence),45280a2875c87e2c8d51f3bd4c2b181960074a82c33130c028438299e06e4fae,official,Plea agreement and later judgment are court filings (PACER). Not checked.
doj-causey-sentenced-press-2006,candidates,doj-press-2006-11-15-causey-sentenced.html,DOJ press release #06-763: Former Enron Chief Accounting Officer Richard Causey sentenced,2006-11-15,DOJ Office of Public Affairs,https://www.justice.gov/archive/opa/pr/2006/November/06_crm_763.html,yes,candidate-unapproved,Archived DOJ press release (HTML).,7,d0e69a0de3dc9b9a17df0ce32cf2bc1cb7fe4e212e8b549302694596b66f7ddc,official,A PDF version exists on justice.gov (https://www.justice.gov/sites/default/files/criminal-vns/legacy/2014/11/07/11-16-06causeysent.pdf; not downloaded).
