id,folder,filename,title,date,source_body,url,public_domain,status,notes,fills_gap,sha256,official_or_mirror,other_versions_exist
pcaob-as2201-current,candidates/phase2,pcaob-as2201-audit-of-icfr-current.html,PCAOB AS 2201: An Audit of Internal Control Over Financial Reporting That Is Integrated with An Audit of Financial Statements (current codified version of Auditing Standard No. 5),2007 (AS No. 5 adopted); page retrieved 2026-09-27,PCAOB,https://pcaobus.org/oversight/standards/auditing-standards/details/AS2201,yes (PCAOB standard; check PCAOB site terms),candidate-unapproved,"Web page from the official PCAOB site (HTML with site navigation). Current codified text; it may have been amended since 2007, so it is not the 2007 original.",P2-1,ad87199f0105cfbda9419cb892c262aaa08933136759c4b498711dd95a4eb611,official,"Yes: 2007 original AS No. 5 release (PCAOB Release No. 2007-005A, https://assets.pcaobus.org/pcaob-dev/docs/default-source/rulemaking/documents/021/2007-06-12_release_no_2007-005a.pdf; linked from the page; not downloaded)."
sec-33-8238-icfr-final-rule,candidates/phase2,sec-33-8238-final-rule-icfr-management-report-2003.htm,SEC Final Rule Rel. No. 33-8238: Management's Report on Internal Control Over Financial Reporting and Certification of Disclosure in Exchange Act Periodic Reports,2003-06-05,SEC,https://www.sec.gov/files/rules/final/33-8238.htm,yes,candidate-unapproved,Full release text (HTML) on sec.gov. Landing page: https://www.sec.gov/rule-release/33-8238. Page footer says Modified 08/28/2008.,P2-2,1f77e8ab24c59fa0e193f5b1e4670e614a9014ba98a3ef9b3369ed19876b7ba7,official,Yes: Federal Register version (68 FR); later SEC releases extended compliance dates (not downloaded).
sec-33-8124-certification-final-rule,candidates/phase2,sec-33-8124-final-rule-ceo-cfo-certification-2002.htm,SEC Final Rule Rel. No. 33-8124: Certification of Disclosure in Companies' Quarterly and Annual Reports (SOX Sec. 302),2002-08-29,SEC,https://www.sec.gov/files/rules/final/33-8124.htm,yes,candidate-unapproved,Full release text (HTML) on sec.gov. Landing page: https://www.sec.gov/rule-release/33-8124.,P2-3,63ab5b29638d901b30250ea5f5d5e2f959f19791ddfb0daafe9b99589f845b97,official,Yes: Federal Register version; the certification rules were later amended by Rel. 33-8238 (candidate sec-33-8238-icfr-final-rule).
sec-33-8810-icfr-guidance-2007,candidates/phase2,sec-33-8810-interpretive-guidance-icfr-management-2007.pdf,SEC Interpretive Release No. 33-8810: Commission Guidance Regarding Management's Report on Internal Control Over Financial Reporting,2007-06-20,SEC,https://www.sec.gov/rules/interp/2007/33-8810.pdf,yes,candidate-unapproved,"77-page PDF with a text layer. The URL redirected to https://www.sec.gov/files/rules/interp/2007/33-8810.pdf. Document states effective date June 27, 2007.",P2-4,308c75c66a303fc3af7fa18e60534d38fbc62fae029d165e4c29342a7651f471,official,Yes: Federal Register version (not downloaded).
sec-33-8183-auditor-independence,candidates/phase2,sec-33-8183-final-rule-auditor-independence-2003.htm,SEC Final Rule Rel. No. 33-8183: Strengthening the Commission's Requirements Regarding Auditor Independence,2003-01-28,SEC,https://www.sec.gov/files/rules/final/33-8183.htm,yes,candidate-unapproved,Full release text (HTML) on sec.gov. Landing page: https://www.sec.gov/rule-release/33-8183. The page carries a webmaster note that a Correction to Final Regulations is available (not downloaded).,P2-5,f53b25f2ffdd45abcbaa3c5747b64c4ab62a8fae8f6a4a6b80aee34f0c14cbd5,official,Yes: a correction to the final regulations exists (linked from the page); Federal Register version.
gao-06-361,candidates/phase2,gao-06-361-sox-smaller-public-companies-2006.pdf,GAO-06-361 Sarbanes-Oxley Act: Consideration of Key Principles Needed in Addressing Implementation for Smaller Public Companies,2006-04,GAO,https://www.gao.gov/assets/gao-06-361.pdf,yes,candidate-unapproved,93-page PDF with a text layer.,P2-6,117f53d843530e70d6b94841a6ed432756ce3f3f2499da4b51315ac7546b4357,official,Possibly a highlights page and a govinfo copy (not checked).
gao-08-163,candidates/phase2,gao-08-163-audit-market-concentration-2008.pdf,GAO-08-163 Audits of Public Companies: Continued Concentration in Audit Market for Large Public Companies Does Not Call for Immediate Action,2008-01,GAO,https://www.gao.gov/assets/gao-08-163.pdf,yes,candidate-unapproved,"120-page PDF with a text layer. Follows up GAO-03-864, which is already in the library.",P2-6,783965d12af5ef962447bfb76cf7f972f876515ab5378f55897c726cb5afb5a9,official,Possibly a highlights page and a govinfo copy (not checked).
free-enterprise-fund-v-pcaob-usreports,candidates/phase2,free-enterprise-fund-v-pcaob-561-us-477-2010-usreports.pdf,Free Enterprise Fund v. Public Company Accounting Oversight Board; 561 U.S. 477 (2010) (official U.S. Reports),2010-06-28,U.S. Supreme Court (U.S. Reports via govinfo.gov),https://www.govinfo.gov/content/pkg/USREPORTS-561/pdf/USREPORTS-561-477.pdf,yes,candidate-unapproved,"116 PDF pages (printed pp. 477-592): syllabus, opinions, and dissent appendices. PDF metadata title reads 561 Bound Volume. Slip opinion URL on supremecourt.gov (https://www.supremecourt.gov/opinions/09pdf/08-861.pdf) returned 404.",P2-7,c2cabd34788557e1271fb7336c21a238be59f11f00c0d68614e6cd6c70ad42a2,official,Yes: slip opinion (supremecourt.gov; URL tried returned 404); unofficial copies on Justia/LII/Oyez (not used).
usc-15-7262-2024,candidates/phase2,usc-15-7262-sox-404-management-assessment-2024ed.htm,"15 U.S.C. 7262 - Management assessment of internal controls (SOX Sec. 404, as amended incl. the Dodd-Frank small-company exemption), U.S. Code 2024 edition",2024 edition,"GPO (govinfo.gov, U.S. Code)",https://www.govinfo.gov/content/pkg/USCODE-2024-title15/html/USCODE-2024-title15-chap98-subchapIV-sec7262.htm,yes,candidate-unapproved,"Section text plus statutory notes (HTML). This is the codified U.S. Code section, not the Dodd-Frank Act's own section text. Reached via https://www.govinfo.gov/link/uscode/15/7262?type=usc&year=mostrecent&link-type=html.",P2-8,9cf4069ab47b250eee4e3b630f2b247adfd913f4b7a9b721b8f4fc441e753eef,official,"Yes: the Dodd-Frank Act as enacted (Pub. L. 111-203, Sec. 989G) is the session-law text (not downloaded; whole Act is several hundred pages); earlier U.S. Code editions."
usc-15-78u-6-2024,candidates/phase2,usc-15-78u-6-securities-whistleblower-2024ed.htm,"15 U.S.C. 78u-6 - Securities whistleblower incentives and protection (added by Dodd-Frank Sec. 922), U.S. Code 2024 edition",2024 edition,"GPO (govinfo.gov, U.S. Code)",https://www.govinfo.gov/content/pkg/USCODE-2024-title15/html/USCODE-2024-title15-chap2B-sec78u-6.htm,yes,candidate-unapproved,"Section text plus statutory notes (HTML). Codified section, not the Act's own section text; covers Sec. 922 only (not 923-924). Reached via https://www.govinfo.gov/link/uscode/15/78u-6?type=usc&year=mostrecent&link-type=html.",P2-8,529f36f9d45e16681e47823af0aac0fa3c85719d1884c83b6bf908aea48964fa,official,Yes: Pub. L. 111-203 as enacted (Secs. 922-924; not downloaded); earlier U.S. Code editions.
