pcaob-as2201-current	08-sox-law-pcaob-profession	pcaob-as2201-audit-of-icfr-current.html	PCAOB AS 2201: An Audit of Internal Control Over Financial Reporting That Is Integrated with An Audit of Financial Statements (current codified version of Auditing Standard No. 5)	2007	PCAOB	https://pcaobus.org/oversight/standards/auditing-standards/details/AS2201	check	to-download	Approved by owner 2026-09-27 (Phase 2 Source Scout candidate; fills P2-1). Scout copy SHA-256 ad87199f0105cfbda9419cb892c262aaa08933136759c4b498711dd95a4eb611. Date is AS No. 5 adoption; page retrieved 2026-09-27 (current codified text). PCAOB is not a federal agency: confirm reuse terms before quoting at length.
sec-33-8238-icfr-final-rule	08-sox-law-pcaob-profession	sec-33-8238-final-rule-icfr-management-report-2003.htm	SEC Final Rule Rel. No. 33-8238: Management's Report on Internal Control Over Financial Reporting and Certification of Disclosure in Exchange Act Periodic Reports	2003-06-05	SEC	https://www.sec.gov/files/rules/final/33-8238.htm	yes	to-download	Approved by owner 2026-09-27 (Phase 2 Source Scout candidate; fills P2-2). Scout copy SHA-256 1f77e8ab24c59fa0e193f5b1e4670e614a9014ba98a3ef9b3369ed19876b7ba7.
sec-33-8124-certification-final-rule	08-sox-law-pcaob-profession	sec-33-8124-final-rule-ceo-cfo-certification-2002.htm	SEC Final Rule Rel. No. 33-8124: Certification of Disclosure in Companies' Quarterly and Annual Reports (SOX Sec. 302)	2002-08-29	SEC	https://www.sec.gov/files/rules/final/33-8124.htm	yes	to-download	Approved by owner 2026-09-27 (Phase 2 Source Scout candidate; fills P2-3). Scout copy SHA-256 63ab5b29638d901b30250ea5f5d5e2f959f19791ddfb0daafe9b99589f845b97.
sec-33-8810-icfr-guidance-2007	08-sox-law-pcaob-profession	sec-33-8810-interpretive-guidance-icfr-management-2007.pdf	SEC Interpretive Release No. 33-8810: Commission Guidance Regarding Management's Report on Internal Control Over Financial Reporting	2007-06-20	SEC	https://www.sec.gov/rules/interp/2007/33-8810.pdf	yes	to-download	Approved by owner 2026-09-27 (Phase 2 Source Scout candidate; fills P2-4). Scout copy SHA-256 308c75c66a303fc3af7fa18e60534d38fbc62fae029d165e4c29342a7651f471.
sec-33-8183-auditor-independence	08-sox-law-pcaob-profession	sec-33-8183-final-rule-auditor-independence-2003.htm	SEC Final Rule Rel. No. 33-8183: Strengthening the Commission's Requirements Regarding Auditor Independence	2003-01-28	SEC	https://www.sec.gov/files/rules/final/33-8183.htm	yes	to-download	Approved by owner 2026-09-27 (Phase 2 Source Scout candidate; fills P2-5). Scout copy SHA-256 f53b25f2ffdd45abcbaa3c5747b64c4ab62a8fae8f6a4a6b80aee34f0c14cbd5.
gao-06-361	08-sox-law-pcaob-profession	gao-06-361-sox-smaller-public-companies-2006.pdf	GAO-06-361 Sarbanes-Oxley Act: Consideration of Key Principles Needed in Addressing Implementation for Smaller Public Companies	2006-04	GAO	https://www.gao.gov/assets/gao-06-361.pdf	yes	to-download	Approved by owner 2026-09-27 (Phase 2 Source Scout candidate; fills P2-6). Scout copy SHA-256 117f53d843530e70d6b94841a6ed432756ce3f3f2499da4b51315ac7546b4357.
gao-08-163	08-sox-law-pcaob-profession	gao-08-163-audit-market-concentration-2008.pdf	GAO-08-163 Audits of Public Companies: Continued Concentration in Audit Market for Large Public Companies Does Not Call for Immediate Action	2008-01	GAO	https://www.gao.gov/assets/gao-08-163.pdf	yes	to-download	Approved by owner 2026-09-27 (Phase 2 Source Scout candidate; fills P2-6). Scout copy SHA-256 783965d12af5ef962447bfb76cf7f972f876515ab5378f55897c726cb5afb5a9.
free-enterprise-fund-v-pcaob-usreports	09-courts-doj	free-enterprise-fund-v-pcaob-561-us-477-2010-usreports.pdf	Free Enterprise Fund v. Public Company Accounting Oversight Board; 561 U.S. 477 (2010) (official U.S. Reports)	2010-06-28	U.S. Supreme Court (U.S. Reports via govinfo.gov)	https://www.govinfo.gov/content/pkg/USREPORTS-561/pdf/USREPORTS-561-477.pdf	yes	to-download	Approved by owner 2026-09-27 (Phase 2 Source Scout candidate; fills P2-7). Scout copy SHA-256 c2cabd34788557e1271fb7336c21a238be59f11f00c0d68614e6cd6c70ad42a2.
usc-15-7262-2024	08-sox-law-pcaob-profession	usc-15-7262-sox-404-management-assessment-2024ed.htm	15 U.S.C. 7262 - Management assessment of internal controls (SOX Sec. 404, as amended incl. the Dodd-Frank small-company exemption), U.S. Code 2024 edition	2024	GPO (govinfo.gov, U.S. Code)	https://www.govinfo.gov/content/pkg/USCODE-2024-title15/html/USCODE-2024-title15-chap98-subchapIV-sec7262.htm	yes	to-download	Approved by owner 2026-09-27 (Phase 2 Source Scout candidate; fills P2-8). Scout copy SHA-256 9cf4069ab47b250eee4e3b630f2b247adfd913f4b7a9b721b8f4fc441e753eef.
usc-15-78u-6-2024	08-sox-law-pcaob-profession	usc-15-78u-6-securities-whistleblower-2024ed.htm	15 U.S.C. 78u-6 - Securities whistleblower incentives and protection (added by Dodd-Frank Sec. 922), U.S. Code 2024 edition	2024	GPO (govinfo.gov, U.S. Code)	https://www.govinfo.gov/content/pkg/USCODE-2024-title15/html/USCODE-2024-title15-chap2B-sec78u-6.htm	yes	to-download	Approved by owner 2026-09-27 (Phase 2 Source Scout candidate; fills P2-8). Scout copy SHA-256 529f36f9d45e16681e47823af0aac0fa3c85719d1884c83b6bf908aea48964fa.
